{
    "facing": true,
    "head": 0.0,
    "body": -59.46428571428572,
    "right_upper_arm": -139.28571428571428,
    "right_lower_arm": 23.571428571428555,
    "right_upper_leg": -68.57142857142857,
    "right_lower_leg": 10.714285714285722,
    "left_upper_arm": 19.285714285714306,
    "left_lower_arm": -130.71428571428572,
    "left_upper_leg": 27.857142857142833,
    "left_lower_leg": 0.0
}