{
    "facing": true,
    "head": 0.0,
    "body": -9.642857142857139,
    "right_upper_arm": -40.0,
    "right_lower_arm": -79.28571428571428,
    "right_upper_leg": 0.0,
    "right_lower_leg": 0.0,
    "left_upper_arm": -4.285714285714278,
    "left_lower_arm": -92.14285714285714,
    "left_upper_leg": -57.85714285714285,
    "left_lower_leg": 113.57142857142856
}