{
    "facing": true,
    "head": 0.0,
    "body": 0.0,
    "right_upper_arm": -10.714285714285722,
    "right_lower_arm": 158.57142857142856,
    "right_upper_leg": -40.0,
    "right_lower_leg": 40.0,
    "left_upper_arm": 70.7142857142857,
    "left_lower_arm": 113.57142857142856,
    "left_upper_leg": 115.71428571428572,
    "left_lower_leg": -115.71428571428571
}