{
    "facing": true,
    "head": 0.0,
    "body": 0.0,
    "right_upper_arm": -10.714285714285722,
    "right_lower_arm": 143.57142857142856,
    "right_upper_leg": -40.0,
    "right_lower_leg": 40.0,
    "left_upper_arm": 49.28571428571428,
    "left_lower_arm": 0.0,
    "left_upper_leg": 60.0,
    "left_lower_leg": -60.0
}