{
    "facing": true,
    "head": 21.793721973094165,
    "body": 19.285714285714306,
    "right_upper_arm": -38.571428571428584,
    "right_lower_arm": 123.42857142857144,
    "right_upper_leg": 109.28571428571428,
    "right_lower_leg": -122.14285714285714,
    "left_upper_arm": -8.571428571428584,
    "left_lower_arm": 100.71428571428572,
    "left_upper_leg": 81.42857142857144,
    "left_lower_leg": -132.85714285714286
}