{
    "facing": true,
    "head": 0.0,
    "body": 28.928571428571445,
    "right_upper_arm": 10.714285714285722,
    "right_lower_arm": 32.14285714285714,
    "right_upper_leg": 15.0,
    "right_lower_leg": -60.0,
    "left_upper_arm": 10.714285714285722,
    "left_lower_arm": 38.571428571428555,
    "left_upper_leg": 15.0,
    "left_lower_leg": -60.0
}