{
    "facing": true,
    "head": 0.0,
    "body": 0.0,
    "right_upper_arm": 40.71428571428572,
    "right_lower_arm": 120.0,
    "right_upper_leg": -21.428571428571445,
    "right_lower_leg": -36.428571428571416,
    "left_upper_arm": 75.0,
    "left_lower_arm": 70.7142857142857,
    "left_upper_leg": 60.0,
    "left_lower_leg": -60.0
}