{
    "facing": true,
    "head": 21.793721973094165,
    "body": -38.571428571428584,
    "right_upper_arm": 32.14285714285714,
    "right_lower_arm": 90.0,
    "right_upper_leg": -6.428571428571416,
    "right_lower_leg": -40.71428571428572,
    "left_upper_arm": 32.14285714285714,
    "left_lower_arm": 81.42857142857144,
    "left_upper_leg": 32.14285714285714,
    "left_lower_leg": -90.0
}