{
    "facing": true,
    "head": 21.793721973094165,
    "body": 9.642857142857139,
    "right_upper_arm": -17.14285714285714,
    "right_lower_arm": 115.71428571428572,
    "right_upper_leg": -25.714285714285722,
    "right_lower_leg": -38.571428571428584,
    "left_upper_arm": 32.14285714285714,
    "left_lower_arm": 81.42857142857144,
    "left_upper_leg": 87.85714285714289,
    "left_lower_leg": -90.0
}