{
    "facing": true,
    "head": 0.0,
    "body": 0.0,
    "right_upper_arm": 102.85714285714283,
    "right_lower_arm": 147.85714285714283,
    "right_upper_leg": 105.0,
    "right_lower_leg": -158.57142857142858,
    "left_upper_arm": -15.0,
    "left_lower_arm": 90.0,
    "left_upper_leg": 0.0,
    "left_lower_leg": -10.714285714285722
}