{
    "facing": true,
    "head": 0.0,
    "body": -40.178571428571416,
    "right_upper_arm": -98.57142857142857,
    "right_lower_arm": 147.85714285714283,
    "right_upper_leg": 83.57142857142856,
    "right_lower_leg": 0.0,
    "left_upper_arm": 10.714285714285722,
    "left_lower_arm": 147.85714285714283,
    "left_upper_leg": -32.14285714285714,
    "left_lower_leg": -10.714285714285722
}