{
    "facing": true,
    "head": 0.0,
    "body": -70.71428571428572,
    "right_upper_arm": -32.14285714285714,
    "right_lower_arm": 90.0,
    "right_upper_leg": 21.428571428571445,
    "right_lower_leg": -40.0,
    "left_upper_arm": -42.85714285714286,
    "left_lower_arm": 68.57142857142856,
    "left_upper_leg": 36.428571428571416,
    "left_lower_leg": -79.28571428571428
}