{
    "facing": true,
    "head": 0.0,
    "body": 19.676113360323882,
    "right_upper_arm": 30.967741935483872,
    "right_lower_arm": 149.0322580645161,
    "right_upper_leg": 12.38095238095238,
    "right_lower_leg": -40.95238095238096,
    "left_upper_arm": 53.814432989690744,
    "left_lower_arm": 133.6082474226804,
    "left_upper_leg": 70.35532994923858,
    "left_lower_leg": -60.0
}