{
    "facing": true,
    "head": 0.0,
    "body": 36.964285714285694,
    "right_upper_arm": -81.42857142857142,
    "right_lower_arm": 165.0,
    "right_upper_leg": -53.571428571428584,
    "right_lower_leg": -23.571428571428555,
    "left_upper_arm": 100.71428571428572,
    "left_lower_arm": -30.0,
    "left_upper_leg": 4.285714285714278,
    "left_lower_leg": -60.0
}