{
    "facing": true,
    "head": 0.0,
    "body": 0.0,
    "right_upper_arm": -19.285714285714278,
    "right_lower_arm": 51.428571428571445,
    "right_upper_leg": -40.0,
    "right_lower_leg": 40.0,
    "left_upper_arm": 135.0,
    "left_lower_arm": 25.714285714285694,
    "left_upper_leg": 60.0,
    "left_lower_leg": -60.0
}